{"cameraMode":{"drawMode":0,"name":"Shaded","section":"Shading Mode"},"sceneLighting":true,"audioPlay":false,"sceneViewState":{"showFog":true,"showMaterialUpdate":true,"showSkybox":true,"showFlares":true,"showImageEffects":true,"showParticleSystems":true},"in2DMode":false,"pivot":{"x":-1.709145188331604,"y":-0.8122044801712036,"z":-1.3128955364227296},"rotation":{"x":0.003755624871701002,"y":-0.9778079986572266,"z":0.20872926712036134,"w":0.01759369485080242},"size":2.642099618911743,"orthographic":false}