{"cameraMode":{"drawMode":0,"name":"Shaded","section":"Shading Mode"},"sceneLighting":true,"audioPlay":false,"sceneViewState":{"showFog":true,"showMaterialUpdate":true,"showSkybox":true,"showFlares":true,"showImageEffects":true,"showParticleSystems":true},"in2DMode":false,"pivot":{"x":-1.1743253469467164,"y":1.2304433584213257,"z":-0.5158922672271729},"rotation":{"x":-0.21313731372356416,"y":-0.5751983523368836,"z":0.1584535539150238,"w":-0.7737000584602356},"size":5.6421003341674809,"orthographic":false}