{"cameraMode":{"drawMode":0,"name":"Shaded","section":"Shading Mode"},"sceneLighting":true,"audioPlay":false,"sceneViewState":{"showFog":true,"showMaterialUpdate":true,"showSkybox":true,"showFlares":true,"showImageEffects":true,"showParticleSystems":true},"in2DMode":false,"pivot":{"x":0.5767607688903809,"y":-0.18338418006896974,"z":0.10732980072498322},"rotation":{"x":-0.14331479370594026,"y":-0.6902322769165039,"z":0.14236891269683839,"w":-0.6948175430297852},"size":7.471745491027832,"orthographic":false}