{"cameraMode":{"drawMode":0,"name":"Shaded","section":"Shading Mode"},"sceneLighting":true,"audioPlay":false,"sceneViewState":{"showFog":true,"showMaterialUpdate":false,"showSkybox":true,"showFlares":true,"showImageEffects":true,"showParticleSystems":true},"in2DMode":false,"pivot":{"x":-0.022091567516326906,"y":1.205551266670227,"z":-0.05625741183757782},"rotation":{"x":-0.02970653586089611,"y":-0.6984678506851196,"z":0.028822708874940873,"w":-0.7144434452056885},"size":0.5713512301445007,"orthographic":true}