{"cameraMode":{"drawMode":0,"name":"Shaded","section":"Shading Mode"},"sceneLighting":true,"audioPlay":false,"sceneViewState":{"showFog":true,"showMaterialUpdate":false,"showSkybox":true,"showFlares":true,"showImageEffects":true,"showParticleSystems":true},"in2DMode":false,"pivot":{"x":0.2590000033378601,"y":1.3240000009536744,"z":0.3779066205024719},"rotation":{"x":0.003748366143554449,"y":-0.7199086546897888,"z":0.003884804667904973,"w":0.6940478086471558},"size":0.20082400739192964,"orthographic":true}