{"cameraMode":{"drawMode":0,"name":"Shaded","section":"Shading Mode"},"sceneLighting":true,"audioPlay":false,"sceneViewState":{"showFog":true,"showMaterialUpdate":false,"showSkybox":true,"showFlares":true,"showImageEffects":true,"showParticleSystems":true},"in2DMode":false,"pivot":{"x":0.2590000033378601,"y":1.3240000009536744,"z":0.3779066205024719},"rotation":{"x":0.03496692702174187,"y":-0.7190052270889282,"z":0.03626517206430435,"w":0.6931765675544739},"size":0.42441681027412417,"orthographic":true}