{"cameraMode":{"drawMode":0,"name":"Shaded","section":"Shading Mode"},"sceneLighting":true,"audioPlay":false,"sceneViewState":{"showFog":true,"showMaterialUpdate":false,"showSkybox":true,"showFlares":true,"showImageEffects":true,"showParticleSystems":true},"in2DMode":false,"pivot":{"x":0.2590000033378601,"y":1.3240000009536744,"z":0.3779066205024719},"rotation":{"x":0.0005800846265628934,"y":0.9982231259346008,"z":-0.009881139732897282,"w":0.05875956639647484},"size":0.5043687224388123,"orthographic":true}