{"cameraMode":{"drawMode":0,"name":"Shaded","section":"Shading Mode"},"sceneLighting":true,"audioPlay":false,"sceneViewState":{"showFog":true,"showMaterialUpdate":false,"showSkybox":true,"showFlares":true,"showImageEffects":true,"showParticleSystems":true},"in2DMode":false,"pivot":{"x":0.22541503608226777,"y":1.2183440923690797,"z":0.3757001757621765},"rotation":{"x":0.00596573855727911,"y":-0.7040972709655762,"z":0.005911121144890785,"w":0.7100539803504944},"size":0.3005254566669464,"orthographic":true}